C,kernel,gamma,accuracy,precision,recall,f1_score,roc_auc_score,augmentation
0.01,linear,scale,0.8760330578512396,0.8474576271186439,0.8928571428571429,0.8695652173913044,0.8771978021978022,seed0_augmentation1.01.csv
0.01,rbf,scale,0.8677685950413223,0.8333333333333334,0.8928571428571429,0.8620689655172413,0.8695054945054944,seed0_augmentation1.01.csv
0.02,linear,scale,0.8677685950413223,0.8448275862068966,0.875,0.8596491228070176,0.8682692307692308,seed0_augmentation1.01.csv
0.02,rbf,scale,0.8925619834710744,0.8771929824561403,0.8928571428571429,0.8849557522123894,0.8925824175824175,seed0_augmentation1.01.csv
0.03,linear,scale,0.8760330578512396,0.8596491228070176,0.875,0.8672566371681416,0.8759615384615385,seed0_augmentation1.01.csv
0.03,rbf,scale,0.9008264462809916,0.8928571428571429,0.8928571428571429,0.8928571428571429,0.9002747252747252,seed0_augmentation1.01.csv
0.04,linear,scale,0.8760330578512396,0.8596491228070176,0.875,0.8672566371681416,0.8759615384615385,seed0_augmentation1.01.csv
0.04,rbf,scale,0.9008264462809916,0.8928571428571429,0.8928571428571429,0.8928571428571429,0.9002747252747252,seed0_augmentation1.01.csv
0.05,linear,scale,0.8760330578512396,0.8596491228070176,0.875,0.8672566371681416,0.8759615384615385,seed0_augmentation1.01.csv
0.05,rbf,scale,0.9008264462809916,0.8928571428571429,0.8928571428571429,0.8928571428571429,0.9002747252747252,seed0_augmentation1.01.csv
0.1,linear,scale,0.9090909090909092,0.9090909090909092,0.8928571428571429,0.9009009009009008,0.907967032967033,seed0_augmentation1.01.csv
0.1,rbf,scale,0.8925619834710744,0.8909090909090909,0.875,0.8828828828828829,0.8913461538461538,seed0_augmentation1.01.csv
0.15,linear,scale,0.9090909090909092,0.9090909090909092,0.8928571428571429,0.9009009009009008,0.907967032967033,seed0_augmentation1.01.csv
0.15,rbf,scale,0.8925619834710744,0.8909090909090909,0.875,0.8828828828828829,0.8913461538461538,seed0_augmentation1.01.csv
0.2,linear,scale,0.8842975206611571,0.875,0.875,0.875,0.8836538461538461,seed0_augmentation1.01.csv
0.2,rbf,scale,0.8925619834710744,0.8909090909090909,0.875,0.8828828828828829,0.8913461538461538,seed0_augmentation1.01.csv
0.25,linear,scale,0.9008264462809916,0.8928571428571429,0.8928571428571429,0.8928571428571429,0.9002747252747252,seed0_augmentation1.01.csv
0.25,rbf,scale,0.9008264462809916,0.8928571428571429,0.8928571428571429,0.8928571428571429,0.9002747252747252,seed0_augmentation1.01.csv
0.5,linear,scale,0.8842975206611571,0.8888888888888888,0.8571428571428571,0.8727272727272727,0.8824175824175824,seed0_augmentation1.01.csv
0.5,rbf,scale,0.9090909090909092,0.8947368421052632,0.9107142857142856,0.9026548672566372,0.9092032967032966,seed0_augmentation1.01.csv
0.75,linear,scale,0.8595041322314051,0.8545454545454545,0.8392857142857143,0.8468468468468467,0.8581043956043957,seed0_augmentation1.01.csv
0.75,rbf,scale,0.9090909090909092,0.9090909090909092,0.8928571428571429,0.9009009009009008,0.907967032967033,seed0_augmentation1.01.csv
1.0,linear,scale,0.8512396694214877,0.8392857142857143,0.8392857142857143,0.8392857142857143,0.850412087912088,seed0_augmentation1.01.csv
1.0,rbf,scale,0.9008264462809916,0.9074074074074074,0.875,0.8909090909090909,0.8990384615384616,seed0_augmentation1.01.csv
1.1,linear,scale,0.8429752066115702,0.8363636363636363,0.8214285714285714,0.8288288288288289,0.8414835164835165,seed0_augmentation1.01.csv
1.1,rbf,scale,0.9008264462809916,0.9074074074074074,0.875,0.8909090909090909,0.8990384615384616,seed0_augmentation1.01.csv
1.2,linear,scale,0.8429752066115702,0.8363636363636363,0.8214285714285714,0.8288288288288289,0.8414835164835165,seed0_augmentation1.01.csv
1.2,rbf,scale,0.8925619834710744,0.9056603773584906,0.8571428571428571,0.8807339449541285,0.8901098901098902,seed0_augmentation1.01.csv
1.25,linear,scale,0.8429752066115702,0.8363636363636363,0.8214285714285714,0.8288288288288289,0.8414835164835165,seed0_augmentation1.01.csv
1.25,rbf,scale,0.9008264462809916,0.9230769230769232,0.8571428571428571,0.8888888888888891,0.8978021978021978,seed0_augmentation1.01.csv
1.3,linear,scale,0.8429752066115702,0.8363636363636363,0.8214285714285714,0.8288288288288289,0.8414835164835165,seed0_augmentation1.01.csv
1.3,rbf,scale,0.9008264462809916,0.9230769230769232,0.8571428571428571,0.8888888888888891,0.8978021978021978,seed0_augmentation1.01.csv
1.4,linear,scale,0.8429752066115702,0.8363636363636363,0.8214285714285714,0.8288288288288289,0.8414835164835165,seed0_augmentation1.01.csv
1.4,rbf,scale,0.9008264462809916,0.9230769230769232,0.8571428571428571,0.8888888888888891,0.8978021978021978,seed0_augmentation1.01.csv
1.5,linear,scale,0.8512396694214877,0.8518518518518519,0.8214285714285714,0.8363636363636364,0.8491758241758242,seed0_augmentation1.01.csv
1.5,rbf,scale,0.9008264462809916,0.9230769230769232,0.8571428571428571,0.8888888888888891,0.8978021978021978,seed0_augmentation1.01.csv
1.75,linear,scale,0.8512396694214877,0.8518518518518519,0.8214285714285714,0.8363636363636364,0.8491758241758242,seed0_augmentation1.01.csv
1.75,rbf,scale,0.8925619834710744,0.9215686274509804,0.8392857142857143,0.8785046728971961,0.8888736263736264,seed0_augmentation1.01.csv
2.0,linear,scale,0.8512396694214877,0.8518518518518519,0.8214285714285714,0.8363636363636364,0.8491758241758242,seed0_augmentation1.01.csv
2.0,rbf,scale,0.8925619834710744,0.9215686274509804,0.8392857142857143,0.8785046728971961,0.8888736263736264,seed0_augmentation1.01.csv
2.5,linear,scale,0.8429752066115702,0.8490566037735849,0.8035714285714286,0.8256880733944955,0.8402472527472528,seed0_augmentation1.01.csv
2.5,rbf,scale,0.8925619834710744,0.9215686274509804,0.8392857142857143,0.8785046728971961,0.8888736263736264,seed0_augmentation1.01.csv
3.0,linear,scale,0.8512396694214877,0.88,0.7857142857142857,0.8301886792452831,0.8467032967032966,seed0_augmentation1.01.csv
3.0,rbf,scale,0.8925619834710744,0.9215686274509804,0.8392857142857143,0.8785046728971961,0.8888736263736264,seed0_augmentation1.01.csv
4.0,linear,scale,0.8512396694214877,0.88,0.7857142857142857,0.8301886792452831,0.8467032967032966,seed0_augmentation1.01.csv
4.0,rbf,scale,0.9008264462809916,0.94,0.8392857142857143,0.8867924528301886,0.8965659340659341,seed0_augmentation1.01.csv
5.0,linear,scale,0.8512396694214877,0.88,0.7857142857142857,0.8301886792452831,0.8467032967032966,seed0_augmentation1.01.csv
5.0,rbf,scale,0.9008264462809916,0.94,0.8392857142857143,0.8867924528301886,0.8965659340659341,seed0_augmentation1.01.csv
7.5,linear,scale,0.8512396694214877,0.8958333333333334,0.7678571428571429,0.8269230769230769,0.845467032967033,seed0_augmentation1.01.csv
7.5,rbf,scale,0.9008264462809916,0.94,0.8392857142857143,0.8867924528301886,0.8965659340659341,seed0_augmentation1.01.csv
10.0,linear,scale,0.8595041322314051,0.8979591836734694,0.7857142857142857,0.8380952380952379,0.8543956043956044,seed0_augmentation1.01.csv
10.0,rbf,scale,0.9008264462809916,0.94,0.8392857142857143,0.8867924528301886,0.8965659340659341,seed0_augmentation1.01.csv
0.01,linear,scale,0.8760330578512396,0.8474576271186439,0.8928571428571429,0.8695652173913044,0.8771978021978022,seed0_augmentation1.015.csv
0.01,rbf,scale,0.8677685950413223,0.8333333333333334,0.8928571428571429,0.8620689655172413,0.8695054945054944,seed0_augmentation1.015.csv
0.02,linear,scale,0.8677685950413223,0.8448275862068966,0.875,0.8596491228070176,0.8682692307692308,seed0_augmentation1.015.csv
0.02,rbf,scale,0.8925619834710744,0.8771929824561403,0.8928571428571429,0.8849557522123894,0.8925824175824175,seed0_augmentation1.015.csv
0.03,linear,scale,0.8760330578512396,0.8596491228070176,0.875,0.8672566371681416,0.8759615384615385,seed0_augmentation1.015.csv
0.03,rbf,scale,0.9008264462809916,0.8928571428571429,0.8928571428571429,0.8928571428571429,0.9002747252747252,seed0_augmentation1.015.csv
0.04,linear,scale,0.8760330578512396,0.8596491228070176,0.875,0.8672566371681416,0.8759615384615385,seed0_augmentation1.015.csv
0.04,rbf,scale,0.9008264462809916,0.8928571428571429,0.8928571428571429,0.8928571428571429,0.9002747252747252,seed0_augmentation1.015.csv
0.05,linear,scale,0.8760330578512396,0.8596491228070176,0.875,0.8672566371681416,0.8759615384615385,seed0_augmentation1.015.csv
0.05,rbf,scale,0.9008264462809916,0.8928571428571429,0.8928571428571429,0.8928571428571429,0.9002747252747252,seed0_augmentation1.015.csv
0.1,linear,scale,0.9090909090909092,0.9090909090909092,0.8928571428571429,0.9009009009009008,0.907967032967033,seed0_augmentation1.015.csv
0.1,rbf,scale,0.8925619834710744,0.8909090909090909,0.875,0.8828828828828829,0.8913461538461538,seed0_augmentation1.015.csv
0.15,linear,scale,0.9008264462809916,0.8928571428571429,0.8928571428571429,0.8928571428571429,0.9002747252747252,seed0_augmentation1.015.csv
0.15,rbf,scale,0.8925619834710744,0.8909090909090909,0.875,0.8828828828828829,0.8913461538461538,seed0_augmentation1.015.csv
0.2,linear,scale,0.8842975206611571,0.875,0.875,0.875,0.8836538461538461,seed0_augmentation1.015.csv
0.2,rbf,scale,0.8925619834710744,0.8909090909090909,0.875,0.8828828828828829,0.8913461538461538,seed0_augmentation1.015.csv
0.25,linear,scale,0.9008264462809916,0.8928571428571429,0.8928571428571429,0.8928571428571429,0.9002747252747252,seed0_augmentation1.015.csv
0.25,rbf,scale,0.9008264462809916,0.8928571428571429,0.8928571428571429,0.8928571428571429,0.9002747252747252,seed0_augmentation1.015.csv
0.5,linear,scale,0.8760330578512396,0.8727272727272727,0.8571428571428571,0.8648648648648648,0.8747252747252747,seed0_augmentation1.015.csv
0.5,rbf,scale,0.9090909090909092,0.8947368421052632,0.9107142857142856,0.9026548672566372,0.9092032967032966,seed0_augmentation1.015.csv
0.75,linear,scale,0.8595041322314051,0.8545454545454545,0.8392857142857143,0.8468468468468467,0.8581043956043957,seed0_augmentation1.015.csv
0.75,rbf,scale,0.9090909090909092,0.9090909090909092,0.8928571428571429,0.9009009009009008,0.907967032967033,seed0_augmentation1.015.csv
1.0,linear,scale,0.8512396694214877,0.8392857142857143,0.8392857142857143,0.8392857142857143,0.850412087912088,seed0_augmentation1.015.csv
1.0,rbf,scale,0.9090909090909092,0.9090909090909092,0.8928571428571429,0.9009009009009008,0.907967032967033,seed0_augmentation1.015.csv
1.1,linear,scale,0.8512396694214877,0.8392857142857143,0.8392857142857143,0.8392857142857143,0.850412087912088,seed0_augmentation1.015.csv
1.1,rbf,scale,0.9008264462809916,0.9074074074074074,0.875,0.8909090909090909,0.8990384615384616,seed0_augmentation1.015.csv
1.2,linear,scale,0.8512396694214877,0.8392857142857143,0.8392857142857143,0.8392857142857143,0.850412087912088,seed0_augmentation1.015.csv
1.2,rbf,scale,0.9008264462809916,0.9230769230769232,0.8571428571428571,0.8888888888888891,0.8978021978021978,seed0_augmentation1.015.csv
1.25,linear,scale,0.8429752066115702,0.8363636363636363,0.8214285714285714,0.8288288288288289,0.8414835164835165,seed0_augmentation1.015.csv
1.25,rbf,scale,0.9008264462809916,0.9230769230769232,0.8571428571428571,0.8888888888888891,0.8978021978021978,seed0_augmentation1.015.csv
1.3,linear,scale,0.8429752066115702,0.8363636363636363,0.8214285714285714,0.8288288288288289,0.8414835164835165,seed0_augmentation1.015.csv
1.3,rbf,scale,0.9008264462809916,0.9230769230769232,0.8571428571428571,0.8888888888888891,0.8978021978021978,seed0_augmentation1.015.csv
1.4,linear,scale,0.8429752066115702,0.8363636363636363,0.8214285714285714,0.8288288288288289,0.8414835164835165,seed0_augmentation1.015.csv
1.4,rbf,scale,0.9008264462809916,0.9230769230769232,0.8571428571428571,0.8888888888888891,0.8978021978021978,seed0_augmentation1.015.csv
1.5,linear,scale,0.8429752066115702,0.8363636363636363,0.8214285714285714,0.8288288288288289,0.8414835164835165,seed0_augmentation1.015.csv
1.5,rbf,scale,0.9008264462809916,0.9230769230769232,0.8571428571428571,0.8888888888888891,0.8978021978021978,seed0_augmentation1.015.csv
1.75,linear,scale,0.8512396694214877,0.8518518518518519,0.8214285714285714,0.8363636363636364,0.8491758241758242,seed0_augmentation1.015.csv
1.75,rbf,scale,0.9008264462809916,0.9230769230769232,0.8571428571428571,0.8888888888888891,0.8978021978021978,seed0_augmentation1.015.csv
2.0,linear,scale,0.8429752066115702,0.8490566037735849,0.8035714285714286,0.8256880733944955,0.8402472527472528,seed0_augmentation1.015.csv
2.0,rbf,scale,0.8925619834710744,0.9215686274509804,0.8392857142857143,0.8785046728971961,0.8888736263736264,seed0_augmentation1.015.csv
2.5,linear,scale,0.8429752066115702,0.8627450980392157,0.7857142857142857,0.8224299065420562,0.8390109890109888,seed0_augmentation1.015.csv
2.5,rbf,scale,0.8925619834710744,0.9215686274509804,0.8392857142857143,0.8785046728971961,0.8888736263736264,seed0_augmentation1.015.csv
3.0,linear,scale,0.8429752066115702,0.8627450980392157,0.7857142857142857,0.8224299065420562,0.8390109890109888,seed0_augmentation1.015.csv
3.0,rbf,scale,0.8925619834710744,0.9215686274509804,0.8392857142857143,0.8785046728971961,0.8888736263736264,seed0_augmentation1.015.csv
4.0,linear,scale,0.8512396694214877,0.88,0.7857142857142857,0.8301886792452831,0.8467032967032966,seed0_augmentation1.015.csv
4.0,rbf,scale,0.9008264462809916,0.94,0.8392857142857143,0.8867924528301886,0.8965659340659341,seed0_augmentation1.015.csv
5.0,linear,scale,0.8512396694214877,0.88,0.7857142857142857,0.8301886792452831,0.8467032967032966,seed0_augmentation1.015.csv
5.0,rbf,scale,0.9008264462809916,0.94,0.8392857142857143,0.8867924528301886,0.8965659340659341,seed0_augmentation1.015.csv
7.5,linear,scale,0.8512396694214877,0.8958333333333334,0.7678571428571429,0.8269230769230769,0.845467032967033,seed0_augmentation1.015.csv
7.5,rbf,scale,0.9008264462809916,0.94,0.8392857142857143,0.8867924528301886,0.8965659340659341,seed0_augmentation1.015.csv
10.0,linear,scale,0.8512396694214877,0.8958333333333334,0.7678571428571429,0.8269230769230769,0.845467032967033,seed0_augmentation1.015.csv
10.0,rbf,scale,0.9008264462809916,0.94,0.8392857142857143,0.8867924528301886,0.8965659340659341,seed0_augmentation1.015.csv
0.01,linear,scale,0.8760330578512396,0.8474576271186439,0.8928571428571429,0.8695652173913044,0.8771978021978022,seed0_augmentation1.02.csv
0.01,rbf,scale,0.8677685950413223,0.8333333333333334,0.8928571428571429,0.8620689655172413,0.8695054945054944,seed0_augmentation1.02.csv
0.02,linear,scale,0.8677685950413223,0.8448275862068966,0.875,0.8596491228070176,0.8682692307692308,seed0_augmentation1.02.csv
0.02,rbf,scale,0.8925619834710744,0.8771929824561403,0.8928571428571429,0.8849557522123894,0.8925824175824175,seed0_augmentation1.02.csv
0.03,linear,scale,0.8760330578512396,0.8596491228070176,0.875,0.8672566371681416,0.8759615384615385,seed0_augmentation1.02.csv
0.03,rbf,scale,0.9008264462809916,0.8928571428571429,0.8928571428571429,0.8928571428571429,0.9002747252747252,seed0_augmentation1.02.csv
0.04,linear,scale,0.8760330578512396,0.8596491228070176,0.875,0.8672566371681416,0.8759615384615385,seed0_augmentation1.02.csv
0.04,rbf,scale,0.9008264462809916,0.8928571428571429,0.8928571428571429,0.8928571428571429,0.9002747252747252,seed0_augmentation1.02.csv
0.05,linear,scale,0.8760330578512396,0.8596491228070176,0.875,0.8672566371681416,0.8759615384615385,seed0_augmentation1.02.csv
0.05,rbf,scale,0.9008264462809916,0.8928571428571429,0.8928571428571429,0.8928571428571429,0.9002747252747252,seed0_augmentation1.02.csv
0.1,linear,scale,0.9090909090909092,0.9090909090909092,0.8928571428571429,0.9009009009009008,0.907967032967033,seed0_augmentation1.02.csv
0.1,rbf,scale,0.8925619834710744,0.8909090909090909,0.875,0.8828828828828829,0.8913461538461538,seed0_augmentation1.02.csv
0.15,linear,scale,0.9173553719008264,0.925925925925926,0.8928571428571429,0.9090909090909092,0.9156593406593406,seed0_augmentation1.02.csv
0.15,rbf,scale,0.8925619834710744,0.8909090909090909,0.875,0.8828828828828829,0.8913461538461538,seed0_augmentation1.02.csv
0.2,linear,scale,0.8842975206611571,0.875,0.875,0.875,0.8836538461538461,seed0_augmentation1.02.csv
0.2,rbf,scale,0.8925619834710744,0.8909090909090909,0.875,0.8828828828828829,0.8913461538461538,seed0_augmentation1.02.csv
0.25,linear,scale,0.8925619834710744,0.8909090909090909,0.875,0.8828828828828829,0.8913461538461538,seed0_augmentation1.02.csv
0.25,rbf,scale,0.9008264462809916,0.8928571428571429,0.8928571428571429,0.8928571428571429,0.9002747252747252,seed0_augmentation1.02.csv
0.5,linear,scale,0.8925619834710744,0.8909090909090909,0.875,0.8828828828828829,0.8913461538461538,seed0_augmentation1.02.csv
0.5,rbf,scale,0.9090909090909092,0.8947368421052632,0.9107142857142856,0.9026548672566372,0.9092032967032966,seed0_augmentation1.02.csv
0.75,linear,scale,0.8595041322314051,0.8545454545454545,0.8392857142857143,0.8468468468468467,0.8581043956043957,seed0_augmentation1.02.csv
0.75,rbf,scale,0.9256198347107438,0.9272727272727272,0.9107142857142856,0.9189189189189191,0.9245879120879119,seed0_augmentation1.02.csv
1.0,linear,scale,0.8512396694214877,0.8392857142857143,0.8392857142857143,0.8392857142857143,0.850412087912088,seed0_augmentation1.02.csv
1.0,rbf,scale,0.9090909090909092,0.9090909090909092,0.8928571428571429,0.9009009009009008,0.907967032967033,seed0_augmentation1.02.csv
1.1,linear,scale,0.8512396694214877,0.8392857142857143,0.8392857142857143,0.8392857142857143,0.850412087912088,seed0_augmentation1.02.csv
1.1,rbf,scale,0.9008264462809916,0.9230769230769232,0.8571428571428571,0.8888888888888891,0.8978021978021978,seed0_augmentation1.02.csv
1.2,linear,scale,0.8429752066115702,0.8363636363636363,0.8214285714285714,0.8288288288288289,0.8414835164835165,seed0_augmentation1.02.csv
1.2,rbf,scale,0.9008264462809916,0.9230769230769232,0.8571428571428571,0.8888888888888891,0.8978021978021978,seed0_augmentation1.02.csv
1.25,linear,scale,0.8429752066115702,0.8363636363636363,0.8214285714285714,0.8288288288288289,0.8414835164835165,seed0_augmentation1.02.csv
1.25,rbf,scale,0.9008264462809916,0.9230769230769232,0.8571428571428571,0.8888888888888891,0.8978021978021978,seed0_augmentation1.02.csv
1.3,linear,scale,0.8512396694214877,0.8518518518518519,0.8214285714285714,0.8363636363636364,0.8491758241758242,seed0_augmentation1.02.csv
1.3,rbf,scale,0.9008264462809916,0.9230769230769232,0.8571428571428571,0.8888888888888891,0.8978021978021978,seed0_augmentation1.02.csv
1.4,linear,scale,0.8512396694214877,0.8518518518518519,0.8214285714285714,0.8363636363636364,0.8491758241758242,seed0_augmentation1.02.csv
1.4,rbf,scale,0.9008264462809916,0.9230769230769232,0.8571428571428571,0.8888888888888891,0.8978021978021978,seed0_augmentation1.02.csv
1.5,linear,scale,0.8429752066115702,0.8490566037735849,0.8035714285714286,0.8256880733944955,0.8402472527472528,seed0_augmentation1.02.csv
1.5,rbf,scale,0.9008264462809916,0.9230769230769232,0.8571428571428571,0.8888888888888891,0.8978021978021978,seed0_augmentation1.02.csv
1.75,linear,scale,0.8512396694214877,0.8653846153846154,0.8035714285714286,0.8333333333333334,0.8479395604395603,seed0_augmentation1.02.csv
1.75,rbf,scale,0.9008264462809916,0.9230769230769232,0.8571428571428571,0.8888888888888891,0.8978021978021978,seed0_augmentation1.02.csv
2.0,linear,scale,0.8512396694214877,0.8653846153846154,0.8035714285714286,0.8333333333333334,0.8479395604395603,seed0_augmentation1.02.csv
2.0,rbf,scale,0.9008264462809916,0.9230769230769232,0.8571428571428571,0.8888888888888891,0.8978021978021978,seed0_augmentation1.02.csv
2.5,linear,scale,0.8429752066115702,0.8627450980392157,0.7857142857142857,0.8224299065420562,0.8390109890109888,seed0_augmentation1.02.csv
2.5,rbf,scale,0.9008264462809916,0.9230769230769232,0.8571428571428571,0.8888888888888891,0.8978021978021978,seed0_augmentation1.02.csv
3.0,linear,scale,0.8429752066115702,0.8627450980392157,0.7857142857142857,0.8224299065420562,0.8390109890109888,seed0_augmentation1.02.csv
3.0,rbf,scale,0.8925619834710744,0.9215686274509804,0.8392857142857143,0.8785046728971961,0.8888736263736264,seed0_augmentation1.02.csv
4.0,linear,scale,0.8429752066115702,0.8627450980392157,0.7857142857142857,0.8224299065420562,0.8390109890109888,seed0_augmentation1.02.csv
4.0,rbf,scale,0.9008264462809916,0.94,0.8392857142857143,0.8867924528301886,0.8965659340659341,seed0_augmentation1.02.csv
5.0,linear,scale,0.8512396694214877,0.88,0.7857142857142857,0.8301886792452831,0.8467032967032966,seed0_augmentation1.02.csv
5.0,rbf,scale,0.9008264462809916,0.94,0.8392857142857143,0.8867924528301886,0.8965659340659341,seed0_augmentation1.02.csv
7.5,linear,scale,0.8595041322314051,0.8979591836734694,0.7857142857142857,0.8380952380952379,0.8543956043956044,seed0_augmentation1.02.csv
7.5,rbf,scale,0.9008264462809916,0.94,0.8392857142857143,0.8867924528301886,0.8965659340659341,seed0_augmentation1.02.csv
10.0,linear,scale,0.8512396694214877,0.8958333333333334,0.7678571428571429,0.8269230769230769,0.845467032967033,seed0_augmentation1.02.csv
10.0,rbf,scale,0.9008264462809916,0.94,0.8392857142857143,0.8867924528301886,0.8965659340659341,seed0_augmentation1.02.csv
0.01,linear,scale,0.8760330578512396,0.8474576271186439,0.8928571428571429,0.8695652173913044,0.8771978021978022,seed0_augmentation1.025.csv
0.01,rbf,scale,0.8677685950413223,0.8333333333333334,0.8928571428571429,0.8620689655172413,0.8695054945054944,seed0_augmentation1.025.csv
0.02,linear,scale,0.8677685950413223,0.8448275862068966,0.875,0.8596491228070176,0.8682692307692308,seed0_augmentation1.025.csv
0.02,rbf,scale,0.8925619834710744,0.8771929824561403,0.8928571428571429,0.8849557522123894,0.8925824175824175,seed0_augmentation1.025.csv
0.03,linear,scale,0.8760330578512396,0.8596491228070176,0.875,0.8672566371681416,0.8759615384615385,seed0_augmentation1.025.csv
0.03,rbf,scale,0.9008264462809916,0.8928571428571429,0.8928571428571429,0.8928571428571429,0.9002747252747252,seed0_augmentation1.025.csv
0.04,linear,scale,0.8760330578512396,0.8596491228070176,0.875,0.8672566371681416,0.8759615384615385,seed0_augmentation1.025.csv
0.04,rbf,scale,0.9008264462809916,0.8928571428571429,0.8928571428571429,0.8928571428571429,0.9002747252747252,seed0_augmentation1.025.csv
0.05,linear,scale,0.8760330578512396,0.8596491228070176,0.875,0.8672566371681416,0.8759615384615385,seed0_augmentation1.025.csv
0.05,rbf,scale,0.9008264462809916,0.8928571428571429,0.8928571428571429,0.8928571428571429,0.9002747252747252,seed0_augmentation1.025.csv
0.1,linear,scale,0.9090909090909092,0.9090909090909092,0.8928571428571429,0.9009009009009008,0.907967032967033,seed0_augmentation1.025.csv
0.1,rbf,scale,0.8925619834710744,0.8909090909090909,0.875,0.8828828828828829,0.8913461538461538,seed0_augmentation1.025.csv
0.15,linear,scale,0.9090909090909092,0.9090909090909092,0.8928571428571429,0.9009009009009008,0.907967032967033,seed0_augmentation1.025.csv
0.15,rbf,scale,0.8925619834710744,0.8909090909090909,0.875,0.8828828828828829,0.8913461538461538,seed0_augmentation1.025.csv
0.2,linear,scale,0.8842975206611571,0.875,0.875,0.875,0.8836538461538461,seed0_augmentation1.025.csv
0.2,rbf,scale,0.8925619834710744,0.8909090909090909,0.875,0.8828828828828829,0.8913461538461538,seed0_augmentation1.025.csv
0.25,linear,scale,0.8925619834710744,0.8909090909090909,0.875,0.8828828828828829,0.8913461538461538,seed0_augmentation1.025.csv
0.25,rbf,scale,0.9008264462809916,0.8928571428571429,0.8928571428571429,0.8928571428571429,0.9002747252747252,seed0_augmentation1.025.csv
0.5,linear,scale,0.8677685950413223,0.8703703703703703,0.8392857142857143,0.8545454545454546,0.8657967032967033,seed0_augmentation1.025.csv
0.5,rbf,scale,0.9090909090909092,0.8947368421052632,0.9107142857142856,0.9026548672566372,0.9092032967032966,seed0_augmentation1.025.csv
0.75,linear,scale,0.8595041322314051,0.8545454545454545,0.8392857142857143,0.8468468468468467,0.8581043956043957,seed0_augmentation1.025.csv
0.75,rbf,scale,0.9173553719008264,0.9107142857142856,0.9107142857142856,0.9107142857142856,0.9168956043956044,seed0_augmentation1.025.csv
1.0,linear,scale,0.8512396694214877,0.8392857142857143,0.8392857142857143,0.8392857142857143,0.850412087912088,seed0_augmentation1.025.csv
1.0,rbf,scale,0.9173553719008264,0.925925925925926,0.8928571428571429,0.9090909090909092,0.9156593406593406,seed0_augmentation1.025.csv
1.1,linear,scale,0.8512396694214877,0.8392857142857143,0.8392857142857143,0.8392857142857143,0.850412087912088,seed0_augmentation1.025.csv
1.1,rbf,scale,0.9090909090909092,0.9245283018867924,0.875,0.8990825688073395,0.9067307692307692,seed0_augmentation1.025.csv
1.2,linear,scale,0.8595041322314051,0.8545454545454545,0.8392857142857143,0.8468468468468467,0.8581043956043957,seed0_augmentation1.025.csv
1.2,rbf,scale,0.9090909090909092,0.9245283018867924,0.875,0.8990825688073395,0.9067307692307692,seed0_augmentation1.025.csv
1.25,linear,scale,0.8595041322314051,0.8545454545454545,0.8392857142857143,0.8468468468468467,0.8581043956043957,seed0_augmentation1.025.csv
1.25,rbf,scale,0.9090909090909092,0.9245283018867924,0.875,0.8990825688073395,0.9067307692307692,seed0_augmentation1.025.csv
1.3,linear,scale,0.8512396694214877,0.8518518518518519,0.8214285714285714,0.8363636363636364,0.8491758241758242,seed0_augmentation1.025.csv
1.3,rbf,scale,0.9090909090909092,0.9245283018867924,0.875,0.8990825688073395,0.9067307692307692,seed0_augmentation1.025.csv
1.4,linear,scale,0.8512396694214877,0.8518518518518519,0.8214285714285714,0.8363636363636364,0.8491758241758242,seed0_augmentation1.025.csv
1.4,rbf,scale,0.9008264462809916,0.9230769230769232,0.8571428571428571,0.8888888888888891,0.8978021978021978,seed0_augmentation1.025.csv
1.5,linear,scale,0.8512396694214877,0.8518518518518519,0.8214285714285714,0.8363636363636364,0.8491758241758242,seed0_augmentation1.025.csv
1.5,rbf,scale,0.9008264462809916,0.9230769230769232,0.8571428571428571,0.8888888888888891,0.8978021978021978,seed0_augmentation1.025.csv
1.75,linear,scale,0.8595041322314051,0.8679245283018868,0.8214285714285714,0.8440366972477065,0.8568681318681317,seed0_augmentation1.025.csv
1.75,rbf,scale,0.9008264462809916,0.9230769230769232,0.8571428571428571,0.8888888888888891,0.8978021978021978,seed0_augmentation1.025.csv
2.0,linear,scale,0.8595041322314051,0.8679245283018868,0.8214285714285714,0.8440366972477065,0.8568681318681317,seed0_augmentation1.025.csv
2.0,rbf,scale,0.9008264462809916,0.9230769230769232,0.8571428571428571,0.8888888888888891,0.8978021978021978,seed0_augmentation1.025.csv
2.5,linear,scale,0.8429752066115702,0.8627450980392157,0.7857142857142857,0.8224299065420562,0.8390109890109888,seed0_augmentation1.025.csv
2.5,rbf,scale,0.9008264462809916,0.9230769230769232,0.8571428571428571,0.8888888888888891,0.8978021978021978,seed0_augmentation1.025.csv
3.0,linear,scale,0.8429752066115702,0.8627450980392157,0.7857142857142857,0.8224299065420562,0.8390109890109888,seed0_augmentation1.025.csv
3.0,rbf,scale,0.9008264462809916,0.9230769230769232,0.8571428571428571,0.8888888888888891,0.8978021978021978,seed0_augmentation1.025.csv
4.0,linear,scale,0.8512396694214877,0.88,0.7857142857142857,0.8301886792452831,0.8467032967032966,seed0_augmentation1.025.csv
4.0,rbf,scale,0.8925619834710744,0.9215686274509804,0.8392857142857143,0.8785046728971961,0.8888736263736264,seed0_augmentation1.025.csv
5.0,linear,scale,0.8595041322314051,0.8979591836734694,0.7857142857142857,0.8380952380952379,0.8543956043956044,seed0_augmentation1.025.csv
5.0,rbf,scale,0.9008264462809916,0.94,0.8392857142857143,0.8867924528301886,0.8965659340659341,seed0_augmentation1.025.csv
7.5,linear,scale,0.8512396694214877,0.8958333333333334,0.7678571428571429,0.8269230769230769,0.845467032967033,seed0_augmentation1.025.csv
7.5,rbf,scale,0.9008264462809916,0.94,0.8392857142857143,0.8867924528301886,0.8965659340659341,seed0_augmentation1.025.csv
10.0,linear,scale,0.8512396694214877,0.8958333333333334,0.7678571428571429,0.8269230769230769,0.845467032967033,seed0_augmentation1.025.csv
10.0,rbf,scale,0.9008264462809916,0.94,0.8392857142857143,0.8867924528301886,0.8965659340659341,seed0_augmentation1.025.csv
0.01,linear,scale,0.8760330578512396,0.8474576271186439,0.8928571428571429,0.8695652173913044,0.8771978021978022,seed0_augmentation1.03.csv
0.01,rbf,scale,0.8677685950413223,0.8333333333333334,0.8928571428571429,0.8620689655172413,0.8695054945054944,seed0_augmentation1.03.csv
0.02,linear,scale,0.8677685950413223,0.8448275862068966,0.875,0.8596491228070176,0.8682692307692308,seed0_augmentation1.03.csv
0.02,rbf,scale,0.8925619834710744,0.8771929824561403,0.8928571428571429,0.8849557522123894,0.8925824175824175,seed0_augmentation1.03.csv
0.03,linear,scale,0.8760330578512396,0.8596491228070176,0.875,0.8672566371681416,0.8759615384615385,seed0_augmentation1.03.csv
0.03,rbf,scale,0.9008264462809916,0.8928571428571429,0.8928571428571429,0.8928571428571429,0.9002747252747252,seed0_augmentation1.03.csv
0.04,linear,scale,0.8760330578512396,0.8596491228070176,0.875,0.8672566371681416,0.8759615384615385,seed0_augmentation1.03.csv
0.04,rbf,scale,0.9008264462809916,0.8928571428571429,0.8928571428571429,0.8928571428571429,0.9002747252747252,seed0_augmentation1.03.csv
0.05,linear,scale,0.8760330578512396,0.8596491228070176,0.875,0.8672566371681416,0.8759615384615385,seed0_augmentation1.03.csv
0.05,rbf,scale,0.9008264462809916,0.8928571428571429,0.8928571428571429,0.8928571428571429,0.9002747252747252,seed0_augmentation1.03.csv
0.1,linear,scale,0.9008264462809916,0.8928571428571429,0.8928571428571429,0.8928571428571429,0.9002747252747252,seed0_augmentation1.03.csv
0.1,rbf,scale,0.8925619834710744,0.8909090909090909,0.875,0.8828828828828829,0.8913461538461538,seed0_augmentation1.03.csv
0.15,linear,scale,0.9008264462809916,0.8928571428571429,0.8928571428571429,0.8928571428571429,0.9002747252747252,seed0_augmentation1.03.csv
0.15,rbf,scale,0.8925619834710744,0.8909090909090909,0.875,0.8828828828828829,0.8913461538461538,seed0_augmentation1.03.csv
0.2,linear,scale,0.8925619834710744,0.8909090909090909,0.875,0.8828828828828829,0.8913461538461538,seed0_augmentation1.03.csv
0.2,rbf,scale,0.8925619834710744,0.8909090909090909,0.875,0.8828828828828829,0.8913461538461538,seed0_augmentation1.03.csv
0.25,linear,scale,0.8925619834710744,0.8909090909090909,0.875,0.8828828828828829,0.8913461538461538,seed0_augmentation1.03.csv
0.25,rbf,scale,0.9008264462809916,0.8928571428571429,0.8928571428571429,0.8928571428571429,0.9002747252747252,seed0_augmentation1.03.csv
0.5,linear,scale,0.8760330578512396,0.8727272727272727,0.8571428571428571,0.8648648648648648,0.8747252747252747,seed0_augmentation1.03.csv
0.5,rbf,scale,0.9090909090909092,0.8947368421052632,0.9107142857142856,0.9026548672566372,0.9092032967032966,seed0_augmentation1.03.csv
0.75,linear,scale,0.8595041322314051,0.8545454545454545,0.8392857142857143,0.8468468468468467,0.8581043956043957,seed0_augmentation1.03.csv
0.75,rbf,scale,0.9256198347107438,0.9272727272727272,0.9107142857142856,0.9189189189189191,0.9245879120879119,seed0_augmentation1.03.csv
1.0,linear,scale,0.8595041322314051,0.8545454545454545,0.8392857142857143,0.8468468468468467,0.8581043956043957,seed0_augmentation1.03.csv
1.0,rbf,scale,0.9173553719008264,0.925925925925926,0.8928571428571429,0.9090909090909092,0.9156593406593406,seed0_augmentation1.03.csv
1.1,linear,scale,0.8595041322314051,0.8545454545454545,0.8392857142857143,0.8468468468468467,0.8581043956043957,seed0_augmentation1.03.csv
1.1,rbf,scale,0.9173553719008264,0.925925925925926,0.8928571428571429,0.9090909090909092,0.9156593406593406,seed0_augmentation1.03.csv
1.2,linear,scale,0.8595041322314051,0.8545454545454545,0.8392857142857143,0.8468468468468467,0.8581043956043957,seed0_augmentation1.03.csv
1.2,rbf,scale,0.9090909090909092,0.9245283018867924,0.875,0.8990825688073395,0.9067307692307692,seed0_augmentation1.03.csv
1.25,linear,scale,0.8595041322314051,0.8545454545454545,0.8392857142857143,0.8468468468468467,0.8581043956043957,seed0_augmentation1.03.csv
1.25,rbf,scale,0.9090909090909092,0.9245283018867924,0.875,0.8990825688073395,0.9067307692307692,seed0_augmentation1.03.csv
1.3,linear,scale,0.8677685950413223,0.8703703703703703,0.8392857142857143,0.8545454545454546,0.8657967032967033,seed0_augmentation1.03.csv
1.3,rbf,scale,0.9090909090909092,0.9245283018867924,0.875,0.8990825688073395,0.9067307692307692,seed0_augmentation1.03.csv
1.4,linear,scale,0.8677685950413223,0.8703703703703703,0.8392857142857143,0.8545454545454546,0.8657967032967033,seed0_augmentation1.03.csv
1.4,rbf,scale,0.9090909090909092,0.9245283018867924,0.875,0.8990825688073395,0.9067307692307692,seed0_augmentation1.03.csv
1.5,linear,scale,0.8677685950413223,0.8703703703703703,0.8392857142857143,0.8545454545454546,0.8657967032967033,seed0_augmentation1.03.csv
1.5,rbf,scale,0.9008264462809916,0.9230769230769232,0.8571428571428571,0.8888888888888891,0.8978021978021978,seed0_augmentation1.03.csv
1.75,linear,scale,0.8512396694214877,0.8653846153846154,0.8035714285714286,0.8333333333333334,0.8479395604395603,seed0_augmentation1.03.csv
1.75,rbf,scale,0.9008264462809916,0.9230769230769232,0.8571428571428571,0.8888888888888891,0.8978021978021978,seed0_augmentation1.03.csv
2.0,linear,scale,0.8512396694214877,0.8653846153846154,0.8035714285714286,0.8333333333333334,0.8479395604395603,seed0_augmentation1.03.csv
2.0,rbf,scale,0.9008264462809916,0.9230769230769232,0.8571428571428571,0.8888888888888891,0.8978021978021978,seed0_augmentation1.03.csv
2.5,linear,scale,0.8512396694214877,0.8653846153846154,0.8035714285714286,0.8333333333333334,0.8479395604395603,seed0_augmentation1.03.csv
2.5,rbf,scale,0.9008264462809916,0.9230769230769232,0.8571428571428571,0.8888888888888891,0.8978021978021978,seed0_augmentation1.03.csv
3.0,linear,scale,0.8429752066115702,0.8627450980392157,0.7857142857142857,0.8224299065420562,0.8390109890109888,seed0_augmentation1.03.csv
3.0,rbf,scale,0.9008264462809916,0.9230769230769232,0.8571428571428571,0.8888888888888891,0.8978021978021978,seed0_augmentation1.03.csv
4.0,linear,scale,0.8512396694214877,0.88,0.7857142857142857,0.8301886792452831,0.8467032967032966,seed0_augmentation1.03.csv
4.0,rbf,scale,0.9008264462809916,0.94,0.8392857142857143,0.8867924528301886,0.8965659340659341,seed0_augmentation1.03.csv
5.0,linear,scale,0.8512396694214877,0.88,0.7857142857142857,0.8301886792452831,0.8467032967032966,seed0_augmentation1.03.csv
5.0,rbf,scale,0.9008264462809916,0.94,0.8392857142857143,0.8867924528301886,0.8965659340659341,seed0_augmentation1.03.csv
7.5,linear,scale,0.8595041322314051,0.8979591836734694,0.7857142857142857,0.8380952380952379,0.8543956043956044,seed0_augmentation1.03.csv
7.5,rbf,scale,0.9008264462809916,0.94,0.8392857142857143,0.8867924528301886,0.8965659340659341,seed0_augmentation1.03.csv
10.0,linear,scale,0.8512396694214877,0.8958333333333334,0.7678571428571429,0.8269230769230769,0.845467032967033,seed0_augmentation1.03.csv
10.0,rbf,scale,0.9090909090909092,0.9411764705882352,0.8571428571428571,0.8971962616822429,0.9054945054945056,seed0_augmentation1.03.csv
0.01,linear,scale,0.8760330578512396,0.8474576271186439,0.8928571428571429,0.8695652173913044,0.8771978021978022,seed0_augmentation1.035.csv
0.01,rbf,scale,0.8677685950413223,0.8333333333333334,0.8928571428571429,0.8620689655172413,0.8695054945054944,seed0_augmentation1.035.csv
0.02,linear,scale,0.8760330578512396,0.8596491228070176,0.875,0.8672566371681416,0.8759615384615385,seed0_augmentation1.035.csv
0.02,rbf,scale,0.8925619834710744,0.8771929824561403,0.8928571428571429,0.8849557522123894,0.8925824175824175,seed0_augmentation1.035.csv
0.03,linear,scale,0.8760330578512396,0.8596491228070176,0.875,0.8672566371681416,0.8759615384615385,seed0_augmentation1.035.csv
0.03,rbf,scale,0.9008264462809916,0.8928571428571429,0.8928571428571429,0.8928571428571429,0.9002747252747252,seed0_augmentation1.035.csv
0.04,linear,scale,0.8760330578512396,0.8596491228070176,0.875,0.8672566371681416,0.8759615384615385,seed0_augmentation1.035.csv
0.04,rbf,scale,0.9008264462809916,0.8928571428571429,0.8928571428571429,0.8928571428571429,0.9002747252747252,seed0_augmentation1.035.csv
0.05,linear,scale,0.8760330578512396,0.8596491228070176,0.875,0.8672566371681416,0.8759615384615385,seed0_augmentation1.035.csv
0.05,rbf,scale,0.9008264462809916,0.8928571428571429,0.8928571428571429,0.8928571428571429,0.9002747252747252,seed0_augmentation1.035.csv
0.1,linear,scale,0.9008264462809916,0.8928571428571429,0.8928571428571429,0.8928571428571429,0.9002747252747252,seed0_augmentation1.035.csv
0.1,rbf,scale,0.8925619834710744,0.8909090909090909,0.875,0.8828828828828829,0.8913461538461538,seed0_augmentation1.035.csv
0.15,linear,scale,0.8925619834710744,0.8771929824561403,0.8928571428571429,0.8849557522123894,0.8925824175824175,seed0_augmentation1.035.csv
0.15,rbf,scale,0.8925619834710744,0.8909090909090909,0.875,0.8828828828828829,0.8913461538461538,seed0_augmentation1.035.csv
0.2,linear,scale,0.8842975206611571,0.875,0.875,0.875,0.8836538461538461,seed0_augmentation1.035.csv
0.2,rbf,scale,0.8925619834710744,0.8909090909090909,0.875,0.8828828828828829,0.8913461538461538,seed0_augmentation1.035.csv
0.25,linear,scale,0.8925619834710744,0.8909090909090909,0.875,0.8828828828828829,0.8913461538461538,seed0_augmentation1.035.csv
0.25,rbf,scale,0.9008264462809916,0.8928571428571429,0.8928571428571429,0.8928571428571429,0.9002747252747252,seed0_augmentation1.035.csv
0.5,linear,scale,0.8760330578512396,0.8727272727272727,0.8571428571428571,0.8648648648648648,0.8747252747252747,seed0_augmentation1.035.csv
0.5,rbf,scale,0.9090909090909092,0.8947368421052632,0.9107142857142856,0.9026548672566372,0.9092032967032966,seed0_augmentation1.035.csv
0.75,linear,scale,0.8512396694214877,0.8518518518518519,0.8214285714285714,0.8363636363636364,0.8491758241758242,seed0_augmentation1.035.csv
0.75,rbf,scale,0.9256198347107438,0.9272727272727272,0.9107142857142856,0.9189189189189191,0.9245879120879119,seed0_augmentation1.035.csv
1.0,linear,scale,0.8512396694214877,0.8518518518518519,0.8214285714285714,0.8363636363636364,0.8491758241758242,seed0_augmentation1.035.csv
1.0,rbf,scale,0.9256198347107438,0.9272727272727272,0.9107142857142856,0.9189189189189191,0.9245879120879119,seed0_augmentation1.035.csv
1.1,linear,scale,0.8677685950413223,0.8703703703703703,0.8392857142857143,0.8545454545454546,0.8657967032967033,seed0_augmentation1.035.csv
1.1,rbf,scale,0.9173553719008264,0.925925925925926,0.8928571428571429,0.9090909090909092,0.9156593406593406,seed0_augmentation1.035.csv
1.2,linear,scale,0.8595041322314051,0.8679245283018868,0.8214285714285714,0.8440366972477065,0.8568681318681317,seed0_augmentation1.035.csv
1.2,rbf,scale,0.9090909090909092,0.9245283018867924,0.875,0.8990825688073395,0.9067307692307692,seed0_augmentation1.035.csv
1.25,linear,scale,0.8595041322314051,0.8679245283018868,0.8214285714285714,0.8440366972477065,0.8568681318681317,seed0_augmentation1.035.csv
1.25,rbf,scale,0.9090909090909092,0.9245283018867924,0.875,0.8990825688073395,0.9067307692307692,seed0_augmentation1.035.csv
1.3,linear,scale,0.8595041322314051,0.8679245283018868,0.8214285714285714,0.8440366972477065,0.8568681318681317,seed0_augmentation1.035.csv
1.3,rbf,scale,0.9090909090909092,0.9245283018867924,0.875,0.8990825688073395,0.9067307692307692,seed0_augmentation1.035.csv
1.4,linear,scale,0.8512396694214877,0.8653846153846154,0.8035714285714286,0.8333333333333334,0.8479395604395603,seed0_augmentation1.035.csv
1.4,rbf,scale,0.9090909090909092,0.9245283018867924,0.875,0.8990825688073395,0.9067307692307692,seed0_augmentation1.035.csv
1.5,linear,scale,0.8512396694214877,0.8653846153846154,0.8035714285714286,0.8333333333333334,0.8479395604395603,seed0_augmentation1.035.csv
1.5,rbf,scale,0.9008264462809916,0.9230769230769232,0.8571428571428571,0.8888888888888891,0.8978021978021978,seed0_augmentation1.035.csv
1.75,linear,scale,0.8512396694214877,0.8653846153846154,0.8035714285714286,0.8333333333333334,0.8479395604395603,seed0_augmentation1.035.csv
1.75,rbf,scale,0.9008264462809916,0.9230769230769232,0.8571428571428571,0.8888888888888891,0.8978021978021978,seed0_augmentation1.035.csv
2.0,linear,scale,0.8595041322314051,0.8823529411764706,0.8035714285714286,0.8411214953271029,0.8556318681318681,seed0_augmentation1.035.csv
2.0,rbf,scale,0.9008264462809916,0.9230769230769232,0.8571428571428571,0.8888888888888891,0.8978021978021978,seed0_augmentation1.035.csv
2.5,linear,scale,0.8429752066115702,0.8627450980392157,0.7857142857142857,0.8224299065420562,0.8390109890109888,seed0_augmentation1.035.csv
2.5,rbf,scale,0.9008264462809916,0.9230769230769232,0.8571428571428571,0.8888888888888891,0.8978021978021978,seed0_augmentation1.035.csv
3.0,linear,scale,0.8429752066115702,0.8627450980392157,0.7857142857142857,0.8224299065420562,0.8390109890109888,seed0_augmentation1.035.csv
3.0,rbf,scale,0.9008264462809916,0.9230769230769232,0.8571428571428571,0.8888888888888891,0.8978021978021978,seed0_augmentation1.035.csv
4.0,linear,scale,0.8429752066115702,0.8627450980392157,0.7857142857142857,0.8224299065420562,0.8390109890109888,seed0_augmentation1.035.csv
4.0,rbf,scale,0.9090909090909092,0.9411764705882352,0.8571428571428571,0.8971962616822429,0.9054945054945056,seed0_augmentation1.035.csv
5.0,linear,scale,0.8512396694214877,0.88,0.7857142857142857,0.8301886792452831,0.8467032967032966,seed0_augmentation1.035.csv
5.0,rbf,scale,0.9008264462809916,0.94,0.8392857142857143,0.8867924528301886,0.8965659340659341,seed0_augmentation1.035.csv
7.5,linear,scale,0.8595041322314051,0.8979591836734694,0.7857142857142857,0.8380952380952379,0.8543956043956044,seed0_augmentation1.035.csv
7.5,rbf,scale,0.9008264462809916,0.94,0.8392857142857143,0.8867924528301886,0.8965659340659341,seed0_augmentation1.035.csv
10.0,linear,scale,0.8512396694214877,0.8958333333333334,0.7678571428571429,0.8269230769230769,0.845467032967033,seed0_augmentation1.035.csv
10.0,rbf,scale,0.9008264462809916,0.94,0.8392857142857143,0.8867924528301886,0.8965659340659341,seed0_augmentation1.035.csv
0.01,linear,scale,0.8760330578512396,0.8474576271186439,0.8928571428571429,0.8695652173913044,0.8771978021978022,seed0_augmentation1.04.csv
0.01,rbf,scale,0.8677685950413223,0.8333333333333334,0.8928571428571429,0.8620689655172413,0.8695054945054944,seed0_augmentation1.04.csv
0.02,linear,scale,0.8677685950413223,0.8448275862068966,0.875,0.8596491228070176,0.8682692307692308,seed0_augmentation1.04.csv
0.02,rbf,scale,0.8925619834710744,0.8771929824561403,0.8928571428571429,0.8849557522123894,0.8925824175824175,seed0_augmentation1.04.csv
0.03,linear,scale,0.8760330578512396,0.8596491228070176,0.875,0.8672566371681416,0.8759615384615385,seed0_augmentation1.04.csv
0.03,rbf,scale,0.9008264462809916,0.8928571428571429,0.8928571428571429,0.8928571428571429,0.9002747252747252,seed0_augmentation1.04.csv
0.04,linear,scale,0.8760330578512396,0.8596491228070176,0.875,0.8672566371681416,0.8759615384615385,seed0_augmentation1.04.csv
0.04,rbf,scale,0.9008264462809916,0.8928571428571429,0.8928571428571429,0.8928571428571429,0.9002747252747252,seed0_augmentation1.04.csv
0.05,linear,scale,0.8760330578512396,0.8596491228070176,0.875,0.8672566371681416,0.8759615384615385,seed0_augmentation1.04.csv
0.05,rbf,scale,0.9008264462809916,0.8928571428571429,0.8928571428571429,0.8928571428571429,0.9002747252747252,seed0_augmentation1.04.csv
0.1,linear,scale,0.9008264462809916,0.8928571428571429,0.8928571428571429,0.8928571428571429,0.9002747252747252,seed0_augmentation1.04.csv
0.1,rbf,scale,0.8925619834710744,0.8909090909090909,0.875,0.8828828828828829,0.8913461538461538,seed0_augmentation1.04.csv
0.15,linear,scale,0.9173553719008264,0.925925925925926,0.8928571428571429,0.9090909090909092,0.9156593406593406,seed0_augmentation1.04.csv
0.15,rbf,scale,0.8925619834710744,0.8909090909090909,0.875,0.8828828828828829,0.8913461538461538,seed0_augmentation1.04.csv
0.2,linear,scale,0.8925619834710744,0.8909090909090909,0.875,0.8828828828828829,0.8913461538461538,seed0_augmentation1.04.csv
0.2,rbf,scale,0.8925619834710744,0.8909090909090909,0.875,0.8828828828828829,0.8913461538461538,seed0_augmentation1.04.csv
0.25,linear,scale,0.9008264462809916,0.9074074074074074,0.875,0.8909090909090909,0.8990384615384616,seed0_augmentation1.04.csv
0.25,rbf,scale,0.9008264462809916,0.8928571428571429,0.8928571428571429,0.8928571428571429,0.9002747252747252,seed0_augmentation1.04.csv
0.5,linear,scale,0.8760330578512396,0.8727272727272727,0.8571428571428571,0.8648648648648648,0.8747252747252747,seed0_augmentation1.04.csv
0.5,rbf,scale,0.9090909090909092,0.8947368421052632,0.9107142857142856,0.9026548672566372,0.9092032967032966,seed0_augmentation1.04.csv
0.75,linear,scale,0.8595041322314051,0.8545454545454545,0.8392857142857143,0.8468468468468467,0.8581043956043957,seed0_augmentation1.04.csv
0.75,rbf,scale,0.9090909090909092,0.9090909090909092,0.8928571428571429,0.9009009009009008,0.907967032967033,seed0_augmentation1.04.csv
1.0,linear,scale,0.8595041322314051,0.8545454545454545,0.8392857142857143,0.8468468468468467,0.8581043956043957,seed0_augmentation1.04.csv
1.0,rbf,scale,0.9090909090909092,0.9245283018867924,0.875,0.8990825688073395,0.9067307692307692,seed0_augmentation1.04.csv
1.1,linear,scale,0.8595041322314051,0.8545454545454545,0.8392857142857143,0.8468468468468467,0.8581043956043957,seed0_augmentation1.04.csv
1.1,rbf,scale,0.9173553719008264,0.925925925925926,0.8928571428571429,0.9090909090909092,0.9156593406593406,seed0_augmentation1.04.csv
1.2,linear,scale,0.8595041322314051,0.8545454545454545,0.8392857142857143,0.8468468468468467,0.8581043956043957,seed0_augmentation1.04.csv
1.2,rbf,scale,0.9173553719008264,0.925925925925926,0.8928571428571429,0.9090909090909092,0.9156593406593406,seed0_augmentation1.04.csv
1.25,linear,scale,0.8595041322314051,0.8545454545454545,0.8392857142857143,0.8468468468468467,0.8581043956043957,seed0_augmentation1.04.csv
1.25,rbf,scale,0.9008264462809916,0.9230769230769232,0.8571428571428571,0.8888888888888891,0.8978021978021978,seed0_augmentation1.04.csv
1.3,linear,scale,0.8595041322314051,0.8545454545454545,0.8392857142857143,0.8468468468468467,0.8581043956043957,seed0_augmentation1.04.csv
1.3,rbf,scale,0.9008264462809916,0.9230769230769232,0.8571428571428571,0.8888888888888891,0.8978021978021978,seed0_augmentation1.04.csv
1.4,linear,scale,0.8512396694214877,0.8518518518518519,0.8214285714285714,0.8363636363636364,0.8491758241758242,seed0_augmentation1.04.csv
1.4,rbf,scale,0.9008264462809916,0.9230769230769232,0.8571428571428571,0.8888888888888891,0.8978021978021978,seed0_augmentation1.04.csv
1.5,linear,scale,0.8512396694214877,0.8518518518518519,0.8214285714285714,0.8363636363636364,0.8491758241758242,seed0_augmentation1.04.csv
1.5,rbf,scale,0.9008264462809916,0.9230769230769232,0.8571428571428571,0.8888888888888891,0.8978021978021978,seed0_augmentation1.04.csv
1.75,linear,scale,0.8595041322314051,0.8679245283018868,0.8214285714285714,0.8440366972477065,0.8568681318681317,seed0_augmentation1.04.csv
1.75,rbf,scale,0.9008264462809916,0.9230769230769232,0.8571428571428571,0.8888888888888891,0.8978021978021978,seed0_augmentation1.04.csv
2.0,linear,scale,0.8512396694214877,0.8653846153846154,0.8035714285714286,0.8333333333333334,0.8479395604395603,seed0_augmentation1.04.csv
2.0,rbf,scale,0.9008264462809916,0.9230769230769232,0.8571428571428571,0.8888888888888891,0.8978021978021978,seed0_augmentation1.04.csv
2.5,linear,scale,0.8512396694214877,0.8653846153846154,0.8035714285714286,0.8333333333333334,0.8479395604395603,seed0_augmentation1.04.csv
2.5,rbf,scale,0.9008264462809916,0.9230769230769232,0.8571428571428571,0.8888888888888891,0.8978021978021978,seed0_augmentation1.04.csv
3.0,linear,scale,0.8429752066115702,0.8627450980392157,0.7857142857142857,0.8224299065420562,0.8390109890109888,seed0_augmentation1.04.csv
3.0,rbf,scale,0.9008264462809916,0.9230769230769232,0.8571428571428571,0.8888888888888891,0.8978021978021978,seed0_augmentation1.04.csv
4.0,linear,scale,0.8429752066115702,0.8627450980392157,0.7857142857142857,0.8224299065420562,0.8390109890109888,seed0_augmentation1.04.csv
4.0,rbf,scale,0.9008264462809916,0.9230769230769232,0.8571428571428571,0.8888888888888891,0.8978021978021978,seed0_augmentation1.04.csv
5.0,linear,scale,0.8512396694214877,0.88,0.7857142857142857,0.8301886792452831,0.8467032967032966,seed0_augmentation1.04.csv
5.0,rbf,scale,0.9008264462809916,0.94,0.8392857142857143,0.8867924528301886,0.8965659340659341,seed0_augmentation1.04.csv
7.5,linear,scale,0.8677685950413223,0.9166666666666666,0.7857142857142857,0.8461538461538461,0.8620879120879119,seed0_augmentation1.04.csv
7.5,rbf,scale,0.8925619834710744,0.9215686274509804,0.8392857142857143,0.8785046728971961,0.8888736263736264,seed0_augmentation1.04.csv
10.0,linear,scale,0.8760330578512396,0.9183673469387756,0.8035714285714286,0.8571428571428571,0.8710164835164835,seed0_augmentation1.04.csv
10.0,rbf,scale,0.8925619834710744,0.9215686274509804,0.8392857142857143,0.8785046728971961,0.8888736263736264,seed0_augmentation1.04.csv
0.01,linear,scale,0.8760330578512396,0.8474576271186439,0.8928571428571429,0.8695652173913044,0.8771978021978022,seed0_augmentation1.045.csv
0.01,rbf,scale,0.8677685950413223,0.8333333333333334,0.8928571428571429,0.8620689655172413,0.8695054945054944,seed0_augmentation1.045.csv
0.02,linear,scale,0.8760330578512396,0.8596491228070176,0.875,0.8672566371681416,0.8759615384615385,seed0_augmentation1.045.csv
0.02,rbf,scale,0.8925619834710744,0.8771929824561403,0.8928571428571429,0.8849557522123894,0.8925824175824175,seed0_augmentation1.045.csv
0.03,linear,scale,0.8760330578512396,0.8596491228070176,0.875,0.8672566371681416,0.8759615384615385,seed0_augmentation1.045.csv
0.03,rbf,scale,0.9008264462809916,0.8928571428571429,0.8928571428571429,0.8928571428571429,0.9002747252747252,seed0_augmentation1.045.csv
0.04,linear,scale,0.8760330578512396,0.8596491228070176,0.875,0.8672566371681416,0.8759615384615385,seed0_augmentation1.045.csv
0.04,rbf,scale,0.9008264462809916,0.8928571428571429,0.8928571428571429,0.8928571428571429,0.9002747252747252,seed0_augmentation1.045.csv
0.05,linear,scale,0.8760330578512396,0.8596491228070176,0.875,0.8672566371681416,0.8759615384615385,seed0_augmentation1.045.csv
0.05,rbf,scale,0.9008264462809916,0.8928571428571429,0.8928571428571429,0.8928571428571429,0.9002747252747252,seed0_augmentation1.045.csv
0.1,linear,scale,0.9008264462809916,0.8928571428571429,0.8928571428571429,0.8928571428571429,0.9002747252747252,seed0_augmentation1.045.csv
0.1,rbf,scale,0.8925619834710744,0.8909090909090909,0.875,0.8828828828828829,0.8913461538461538,seed0_augmentation1.045.csv
0.15,linear,scale,0.9173553719008264,0.925925925925926,0.8928571428571429,0.9090909090909092,0.9156593406593406,seed0_augmentation1.045.csv
0.15,rbf,scale,0.8925619834710744,0.8909090909090909,0.875,0.8828828828828829,0.8913461538461538,seed0_augmentation1.045.csv
0.2,linear,scale,0.9008264462809916,0.8928571428571429,0.8928571428571429,0.8928571428571429,0.9002747252747252,seed0_augmentation1.045.csv
0.2,rbf,scale,0.8925619834710744,0.8909090909090909,0.875,0.8828828828828829,0.8913461538461538,seed0_augmentation1.045.csv
0.25,linear,scale,0.8842975206611571,0.875,0.875,0.875,0.8836538461538461,seed0_augmentation1.045.csv
0.25,rbf,scale,0.9008264462809916,0.8928571428571429,0.8928571428571429,0.8928571428571429,0.9002747252747252,seed0_augmentation1.045.csv
0.5,linear,scale,0.8842975206611571,0.875,0.875,0.875,0.8836538461538461,seed0_augmentation1.045.csv
0.5,rbf,scale,0.9090909090909092,0.8947368421052632,0.9107142857142856,0.9026548672566372,0.9092032967032966,seed0_augmentation1.045.csv
0.75,linear,scale,0.8512396694214877,0.8518518518518519,0.8214285714285714,0.8363636363636364,0.8491758241758242,seed0_augmentation1.045.csv
0.75,rbf,scale,0.9090909090909092,0.9090909090909092,0.8928571428571429,0.9009009009009008,0.907967032967033,seed0_augmentation1.045.csv
1.0,linear,scale,0.8512396694214877,0.8518518518518519,0.8214285714285714,0.8363636363636364,0.8491758241758242,seed0_augmentation1.045.csv
1.0,rbf,scale,0.9256198347107438,0.9272727272727272,0.9107142857142856,0.9189189189189191,0.9245879120879119,seed0_augmentation1.045.csv
1.1,linear,scale,0.8512396694214877,0.8518518518518519,0.8214285714285714,0.8363636363636364,0.8491758241758242,seed0_augmentation1.045.csv
1.1,rbf,scale,0.9256198347107438,0.9272727272727272,0.9107142857142856,0.9189189189189191,0.9245879120879119,seed0_augmentation1.045.csv
1.2,linear,scale,0.8512396694214877,0.8518518518518519,0.8214285714285714,0.8363636363636364,0.8491758241758242,seed0_augmentation1.045.csv
1.2,rbf,scale,0.9173553719008264,0.925925925925926,0.8928571428571429,0.9090909090909092,0.9156593406593406,seed0_augmentation1.045.csv
1.25,linear,scale,0.8595041322314051,0.8679245283018868,0.8214285714285714,0.8440366972477065,0.8568681318681317,seed0_augmentation1.045.csv
1.25,rbf,scale,0.9173553719008264,0.925925925925926,0.8928571428571429,0.9090909090909092,0.9156593406593406,seed0_augmentation1.045.csv
1.3,linear,scale,0.8595041322314051,0.8679245283018868,0.8214285714285714,0.8440366972477065,0.8568681318681317,seed0_augmentation1.045.csv
1.3,rbf,scale,0.9173553719008264,0.925925925925926,0.8928571428571429,0.9090909090909092,0.9156593406593406,seed0_augmentation1.045.csv
1.4,linear,scale,0.8595041322314051,0.8679245283018868,0.8214285714285714,0.8440366972477065,0.8568681318681317,seed0_augmentation1.045.csv
1.4,rbf,scale,0.9090909090909092,0.9090909090909092,0.8928571428571429,0.9009009009009008,0.907967032967033,seed0_augmentation1.045.csv
1.5,linear,scale,0.8595041322314051,0.8679245283018868,0.8214285714285714,0.8440366972477065,0.8568681318681317,seed0_augmentation1.045.csv
1.5,rbf,scale,0.9090909090909092,0.9090909090909092,0.8928571428571429,0.9009009009009008,0.907967032967033,seed0_augmentation1.045.csv
1.75,linear,scale,0.8595041322314051,0.8679245283018868,0.8214285714285714,0.8440366972477065,0.8568681318681317,seed0_augmentation1.045.csv
1.75,rbf,scale,0.9008264462809916,0.9074074074074074,0.875,0.8909090909090909,0.8990384615384616,seed0_augmentation1.045.csv
2.0,linear,scale,0.8677685950413223,0.8846153846153846,0.8214285714285714,0.8518518518518519,0.8645604395604395,seed0_augmentation1.045.csv
2.0,rbf,scale,0.9008264462809916,0.9074074074074074,0.875,0.8909090909090909,0.8990384615384616,seed0_augmentation1.045.csv
2.5,linear,scale,0.8595041322314051,0.8823529411764706,0.8035714285714286,0.8411214953271029,0.8556318681318681,seed0_augmentation1.045.csv
2.5,rbf,scale,0.8925619834710744,0.9056603773584906,0.8571428571428571,0.8807339449541285,0.8901098901098902,seed0_augmentation1.045.csv
3.0,linear,scale,0.8512396694214877,0.88,0.7857142857142857,0.8301886792452831,0.8467032967032966,seed0_augmentation1.045.csv
3.0,rbf,scale,0.9008264462809916,0.9074074074074074,0.875,0.8909090909090909,0.8990384615384616,seed0_augmentation1.045.csv
4.0,linear,scale,0.8512396694214877,0.88,0.7857142857142857,0.8301886792452831,0.8467032967032966,seed0_augmentation1.045.csv
4.0,rbf,scale,0.9008264462809916,0.9074074074074074,0.875,0.8909090909090909,0.8990384615384616,seed0_augmentation1.045.csv
5.0,linear,scale,0.8595041322314051,0.8823529411764706,0.8035714285714286,0.8411214953271029,0.8556318681318681,seed0_augmentation1.045.csv
5.0,rbf,scale,0.9008264462809916,0.9230769230769232,0.8571428571428571,0.8888888888888891,0.8978021978021978,seed0_augmentation1.045.csv
7.5,linear,scale,0.8677685950413223,0.9,0.8035714285714286,0.8490566037735849,0.8633241758241759,seed0_augmentation1.045.csv
7.5,rbf,scale,0.9008264462809916,0.9230769230769232,0.8571428571428571,0.8888888888888891,0.8978021978021978,seed0_augmentation1.045.csv
10.0,linear,scale,0.8595041322314051,0.8979591836734694,0.7857142857142857,0.8380952380952379,0.8543956043956044,seed0_augmentation1.045.csv
10.0,rbf,scale,0.9008264462809916,0.9230769230769232,0.8571428571428571,0.8888888888888891,0.8978021978021978,seed0_augmentation1.045.csv
0.01,linear,scale,0.8760330578512396,0.8474576271186439,0.8928571428571429,0.8695652173913044,0.8771978021978022,seed0_augmentation1.05.csv
0.01,rbf,scale,0.8677685950413223,0.8333333333333334,0.8928571428571429,0.8620689655172413,0.8695054945054944,seed0_augmentation1.05.csv
0.02,linear,scale,0.8677685950413223,0.8448275862068966,0.875,0.8596491228070176,0.8682692307692308,seed0_augmentation1.05.csv
0.02,rbf,scale,0.8925619834710744,0.8771929824561403,0.8928571428571429,0.8849557522123894,0.8925824175824175,seed0_augmentation1.05.csv
0.03,linear,scale,0.8760330578512396,0.8596491228070176,0.875,0.8672566371681416,0.8759615384615385,seed0_augmentation1.05.csv
0.03,rbf,scale,0.9008264462809916,0.8928571428571429,0.8928571428571429,0.8928571428571429,0.9002747252747252,seed0_augmentation1.05.csv
0.04,linear,scale,0.8760330578512396,0.8596491228070176,0.875,0.8672566371681416,0.8759615384615385,seed0_augmentation1.05.csv
0.04,rbf,scale,0.9008264462809916,0.8928571428571429,0.8928571428571429,0.8928571428571429,0.9002747252747252,seed0_augmentation1.05.csv
0.05,linear,scale,0.8760330578512396,0.8596491228070176,0.875,0.8672566371681416,0.8759615384615385,seed0_augmentation1.05.csv
0.05,rbf,scale,0.8925619834710744,0.8909090909090909,0.875,0.8828828828828829,0.8913461538461538,seed0_augmentation1.05.csv
0.1,linear,scale,0.9008264462809916,0.8928571428571429,0.8928571428571429,0.8928571428571429,0.9002747252747252,seed0_augmentation1.05.csv
0.1,rbf,scale,0.8925619834710744,0.8909090909090909,0.875,0.8828828828828829,0.8913461538461538,seed0_augmentation1.05.csv
0.15,linear,scale,0.9090909090909092,0.9090909090909092,0.8928571428571429,0.9009009009009008,0.907967032967033,seed0_augmentation1.05.csv
0.15,rbf,scale,0.8925619834710744,0.8909090909090909,0.875,0.8828828828828829,0.8913461538461538,seed0_augmentation1.05.csv
0.2,linear,scale,0.9008264462809916,0.8928571428571429,0.8928571428571429,0.8928571428571429,0.9002747252747252,seed0_augmentation1.05.csv
0.2,rbf,scale,0.8925619834710744,0.8909090909090909,0.875,0.8828828828828829,0.8913461538461538,seed0_augmentation1.05.csv
0.25,linear,scale,0.9008264462809916,0.9074074074074074,0.875,0.8909090909090909,0.8990384615384616,seed0_augmentation1.05.csv
0.25,rbf,scale,0.9008264462809916,0.8928571428571429,0.8928571428571429,0.8928571428571429,0.9002747252747252,seed0_augmentation1.05.csv
0.5,linear,scale,0.8677685950413223,0.8703703703703703,0.8392857142857143,0.8545454545454546,0.8657967032967033,seed0_augmentation1.05.csv
0.5,rbf,scale,0.9008264462809916,0.8928571428571429,0.8928571428571429,0.8928571428571429,0.9002747252747252,seed0_augmentation1.05.csv
0.75,linear,scale,0.8512396694214877,0.8518518518518519,0.8214285714285714,0.8363636363636364,0.8491758241758242,seed0_augmentation1.05.csv
0.75,rbf,scale,0.9173553719008264,0.925925925925926,0.8928571428571429,0.9090909090909092,0.9156593406593406,seed0_augmentation1.05.csv
1.0,linear,scale,0.8595041322314051,0.8679245283018868,0.8214285714285714,0.8440366972477065,0.8568681318681317,seed0_augmentation1.05.csv
1.0,rbf,scale,0.9256198347107438,0.9272727272727272,0.9107142857142856,0.9189189189189191,0.9245879120879119,seed0_augmentation1.05.csv
1.1,linear,scale,0.8512396694214877,0.8518518518518519,0.8214285714285714,0.8363636363636364,0.8491758241758242,seed0_augmentation1.05.csv
1.1,rbf,scale,0.9173553719008264,0.925925925925926,0.8928571428571429,0.9090909090909092,0.9156593406593406,seed0_augmentation1.05.csv
1.2,linear,scale,0.8512396694214877,0.8518518518518519,0.8214285714285714,0.8363636363636364,0.8491758241758242,seed0_augmentation1.05.csv
1.2,rbf,scale,0.9173553719008264,0.925925925925926,0.8928571428571429,0.9090909090909092,0.9156593406593406,seed0_augmentation1.05.csv
1.25,linear,scale,0.8512396694214877,0.8518518518518519,0.8214285714285714,0.8363636363636364,0.8491758241758242,seed0_augmentation1.05.csv
1.25,rbf,scale,0.9173553719008264,0.925925925925926,0.8928571428571429,0.9090909090909092,0.9156593406593406,seed0_augmentation1.05.csv
1.3,linear,scale,0.8512396694214877,0.8518518518518519,0.8214285714285714,0.8363636363636364,0.8491758241758242,seed0_augmentation1.05.csv
1.3,rbf,scale,0.9173553719008264,0.925925925925926,0.8928571428571429,0.9090909090909092,0.9156593406593406,seed0_augmentation1.05.csv
1.4,linear,scale,0.8512396694214877,0.8518518518518519,0.8214285714285714,0.8363636363636364,0.8491758241758242,seed0_augmentation1.05.csv
1.4,rbf,scale,0.9173553719008264,0.925925925925926,0.8928571428571429,0.9090909090909092,0.9156593406593406,seed0_augmentation1.05.csv
1.5,linear,scale,0.8512396694214877,0.8518518518518519,0.8214285714285714,0.8363636363636364,0.8491758241758242,seed0_augmentation1.05.csv
1.5,rbf,scale,0.9173553719008264,0.925925925925926,0.8928571428571429,0.9090909090909092,0.9156593406593406,seed0_augmentation1.05.csv
1.75,linear,scale,0.8595041322314051,0.8679245283018868,0.8214285714285714,0.8440366972477065,0.8568681318681317,seed0_augmentation1.05.csv
1.75,rbf,scale,0.9090909090909092,0.9245283018867924,0.875,0.8990825688073395,0.9067307692307692,seed0_augmentation1.05.csv
2.0,linear,scale,0.8595041322314051,0.8679245283018868,0.8214285714285714,0.8440366972477065,0.8568681318681317,seed0_augmentation1.05.csv
2.0,rbf,scale,0.9008264462809916,0.9230769230769232,0.8571428571428571,0.8888888888888891,0.8978021978021978,seed0_augmentation1.05.csv
2.5,linear,scale,0.8512396694214877,0.8653846153846154,0.8035714285714286,0.8333333333333334,0.8479395604395603,seed0_augmentation1.05.csv
2.5,rbf,scale,0.9008264462809916,0.9230769230769232,0.8571428571428571,0.8888888888888891,0.8978021978021978,seed0_augmentation1.05.csv
3.0,linear,scale,0.8512396694214877,0.8653846153846154,0.8035714285714286,0.8333333333333334,0.8479395604395603,seed0_augmentation1.05.csv
3.0,rbf,scale,0.8925619834710744,0.9056603773584906,0.8571428571428571,0.8807339449541285,0.8901098901098902,seed0_augmentation1.05.csv
4.0,linear,scale,0.8512396694214877,0.8653846153846154,0.8035714285714286,0.8333333333333334,0.8479395604395603,seed0_augmentation1.05.csv
4.0,rbf,scale,0.9008264462809916,0.9230769230769232,0.8571428571428571,0.8888888888888891,0.8978021978021978,seed0_augmentation1.05.csv
5.0,linear,scale,0.8512396694214877,0.8653846153846154,0.8035714285714286,0.8333333333333334,0.8479395604395603,seed0_augmentation1.05.csv
5.0,rbf,scale,0.8925619834710744,0.9215686274509804,0.8392857142857143,0.8785046728971961,0.8888736263736264,seed0_augmentation1.05.csv
7.5,linear,scale,0.8677685950413223,0.9,0.8035714285714286,0.8490566037735849,0.8633241758241759,seed0_augmentation1.05.csv
7.5,rbf,scale,0.9008264462809916,0.9230769230769232,0.8571428571428571,0.8888888888888891,0.8978021978021978,seed0_augmentation1.05.csv
10.0,linear,scale,0.8760330578512396,0.9183673469387756,0.8035714285714286,0.8571428571428571,0.8710164835164835,seed0_augmentation1.05.csv
10.0,rbf,scale,0.9008264462809916,0.9230769230769232,0.8571428571428571,0.8888888888888891,0.8978021978021978,seed0_augmentation1.05.csv
